price,occupancy,revpar
40.0,0.6260989658106408,25.043958632425635
45.656565656565654,0.6029380347416043,27.528079970020723
51.313131313131315,0.5824857678906571,29.889168695803416
56.96969696969697,0.5641744297086279,32.140846298552134
62.62626262626263,0.5475979689817527,34.294014219059264
68.28282828282829,0.5324559125625454,36.357595645684924
73.93939393939394,0.5185196649327611,38.33902977078598
79.5959595959596,0.5056112660794648,40.244613906123064
85.25252525252526,0.4935894594937709,42.079747859873
90.9090909090909,0.4823402449353627,43.849113175942065
96.56565656565657,0.4717702878628212,45.55680759564213
102.22222222222223,0.46180220781782017,47.206447910266064
107.87878787878788,0.4523711374714698,48.80124998177068
113.53535353535354,0.44342216207574986,50.344091936681096
119.1919191919192,0.4349083821153739,51.837564736983964
124.84848484848484,0.4267894255642019,53.28401313104581
130.50505050505052,0.4190302900715835,54.685569168937974
136.16161616161617,0.41160043099447224,56.04417989702511
141.8181818181818,0.40447303517656114,57.361630443221394
147.47474747474746,0.3976244368469452,58.63956341379191
153.13131313131314,0.39103364351669717,59.87949531023363
158.78787878787878,0.38468194791523974,61.08283051745018
164.44444444444446,0.37855260788364037,62.25087329642086
170.1010101010101,0.37263058042617375,63.384838125017836
175.75757575757575,0.3669022992835646,64.48585866195984
181.41414141414143,0.36135548775144505,65.5549955557167
187.07070707070707,0.3559790002475403,66.59324327863078
192.72727272727272,0.3507626874865753,67.60153613377632
198.3838383838384,0.3456972811634995,68.58075355607203
204.04040404040404,0.3407742948528035,69.53172480834981
209.6969696969697,0.33598593846221025,70.45523315631803
215.35353535353536,0.33132504407518526,71.35201959275707
221.010101010101,0.3267850014099182,72.22278617019202
226.66666666666666,0.32235970143609116,73.06819899218065
232.32323232323233,0.3180434869425419,73.88889090584307
237.97979797979798,0.31383110905222633,74.68546393202477
243.63636363636363,0.30971768884598827,75.45849146429532
249.2929292929293,0.3056986833913887,76.20852026363104
254.94949494949495,0.3017698555834226,76.93607227197562
260.6060606060606,0.29792724729509223,77.64164626478161
266.26262626262627,0.294167155411291,78.32571936001648
271.9191919191919,0.2904861103822357,78.98874839888671
277.57575757575756,0.28688085698512944,79.63117121162986
283.2323232323232,0.2833483370267065,80.25340778008939
288.8888888888889,0.2798856737563282,80.85586130738372
294.5454545454545,0.2764901577905768,81.43891920376988
300.2020202020202,0.27315923437679385,82.00295399675063
305.85858585858585,0.2698904918455745,82.54832417256561
311.5151515151515,0.2666816511214665,83.07537495541442
317.17171717171715,0.26353055617759363,83.58443903006504
322.82828282828285,0.260435165334078,84.07583721290034
328.4848484848485,0.2573935433122994,84.54987907591897
334.14141414141415,0.25440385396755266,85.00686352774386
339.7979797979798,0.2514643536317665,85.44707935527904
345.45454545454544,0.24857338500583606,85.87080572928882
351.1111111111111,0.24572937154801014,86.27831267685688
356.7676767676768,0.24293081231075134,86.66986152339129
362.42424242424244,0.24017627718374027,87.04570530659193
368.0808080808081,0.23746440250527626,87.40608916456836
373.73737373737373,0.23479388700836182,87.75125070009481
379.3939393939394,0.23216348807130074,88.08142032280864
385.050505050505,0.22957201824576737,88.39682157099648
390.7070707070707,0.22701834203806795,88.69767141446938
396.3636363636364,0.22450137292174902,88.98418053989325
402.020202020202,0.2220200705618888,89.25655361983004
407.67676767676767,0.21957343823331713,89.51498956663312
413.3333333333333,0.21716052041673364,89.7596817722499
418.989898989899,0.21478040055821138,89.99081833489504
424.64646464646466,0.21243219897893809,90.20858227348037
430.3030303030303,0.21011507092326878,90.4131517306187
435.95959595959596,0.20782820473424848,90.60470016495115
441.6161616161616,0.20557082014674313,90.783396533491
447.27272727272725,0.20334216668920072,90.94940546462432
452.92929292929296,0.20114152218584738,91.10288742235754
458.5858585858586,0.1989681913518401,91.24399886235899
464.24242424242425,0.19682150447453686,91.37289238030014
469.8989898989899,0.19470081617462856,91.48971685296688
475.55555555555554,0.19260550424139358,91.59461757257384
481.2121212121212,0.19053496853682286,91.6877363746893
486.8686868686869,0.1884886299637786,91.76921176014272
492.52525252525254,0.18646592949375443,91.83917901126733
498.1818181818182,0.1844663272501487,91.89777030280135
503.83838383838383,0.18248930164329416,91.94511480775266
509.4949494949495,0.18053434855377107,91.9813387985072
515.1515151515151,0.17860098056081278,92.006565743449
520.8080808080808,0.17668872621284018,92.02091639933374
526.4646464646464,0.17479712933740257,92.02450889965073
532.1212121212121,0.1729257483879906,92.01745883918531
537.7777777777778,0.1710741558253889,91.99987935498693
543.4343434343434,0.16924193753139263,91.97188120392852
549.090909090909,0.16742869225288262,91.93357283703735
554.7474747474747,0.16563403107439081,91.88506047076307
560.4040404040404,0.16385757691741856,91.82644815533719
566.060606060606,0.1620989640649008,91.75783784037414
571.7171717171717,0.16035783770931103,91.67932943784852
577.3737373737374,0.15863385352301354,91.59102088258035
583.030303030303,0.15692667724956047,91.4930081903498
588.6868686868687,0.15523598431472055,91.3853855137567
594.3434343434343,0.15356145945610647,91.26824519593237
600.0,0.15190279637034357,91.14167782220613
